{"cameraMode":{"drawMode":0,"name":"Shaded","section":"Shading Mode"},"sceneLighting":true,"audioPlay":false,"sceneViewState":{"showFog":true,"showMaterialUpdate":false,"showSkybox":true,"showFlares":true,"showImageEffects":true,"showParticleSystems":true,"showVisualEffectGraphs":true,"m_FxEnabled":true},"in2DMode":false,"pivot":{"x":329.5009460449219,"y":319.05780029296877,"z":0.05903111770749092},"rotation":{"x":0.00899951346218586,"y":0.008999514393508435,"z":-0.00008099781553028151,"w":0.9999189376831055},"size":383.2650146484375,"orthographic":true}